input_sequence,target_word
"a,_,_,_,_,_,_,_,_,_",aku
"a,k,_,_,_,_,_,_,_,_",aku
"a,k,u,_,_,_,_,_,_,_",aku
"a,_,_,_,_,_,_,_,_,_",ayah
"a,y,_,_,_,_,_,_,_,_",ayah
"a,y,a,_,_,_,_,_,_,_",ayah
"a,y,a,h,_,_,_,_,_,_",ayah
"a,_,_,_,_,_,_,_,_,_",anda
"a,n,_,_,_,_,_,_,_,_",anda
"a,n,d,_,_,_,_,_,_,_",anda
"a,n,d,a,_,_,_,_,_,_",anda
"a,_,_,_,_,_,_,_,_,_",air
"a,i,_,_,_,_,_,_,_,_",air
"a,i,r,_,_,_,_,_,_,_",air
"a,_,_,_,_,_,_,_,_,_",apa
"a,p,_,_,_,_,_,_,_,_",apa
"a,p,a,_,_,_,_,_,_,_",apa
"a,_,_,_,_,_,_,_,_,_",ada
"a,d,_,_,_,_,_,_,_,_",ada
"a,d,a,_,_,_,_,_,_,_",ada
"a,_,_,_,_,_,_,_,_,_",atau
"a,t,_,_,_,_,_,_,_,_",atau
"a,t,a,_,_,_,_,_,_,_",atau
"a,t,a,u,_,_,_,_,_,_",atau
"a,_,_,_,_,_,_,_,_,_",ambil
"a,m,_,_,_,_,_,_,_,_",ambil
"a,m,b,_,_,_,_,_,_,_",ambil
"a,m,b,i,_,_,_,_,_,_",ambil
"a,m,b,i,l,_,_,_,_,_",ambil
"a,_,_,_,_,_,_,_,_,_",anak
"a,n,_,_,_,_,_,_,_,_",anak
"a,n,a,_,_,_,_,_,_,_",anak
"a,n,a,k,_,_,_,_,_,_",anak
"a,_,_,_,_,_,_,_,_,_",adik
"a,d,_,_,_,_,_,_,_,_",adik
"a,d,i,_,_,_,_,_,_,_",adik
"a,d,i,k,_,_,_,_,_,_",adik
"b,_,_,_,_,_,_,_,_,_",buku
"b,u,_,_,_,_,_,_,_,_",buku
"b,u,k,_,_,_,_,_,_,_",buku
"b,u,k,u,_,_,_,_,_,_",buku
"b,_,_,_,_,_,_,_,_,_",baik
"b,a,_,_,_,_,_,_,_,_",baik
"b,a,i,_,_,_,_,_,_,_",baik
"b,a,i,k,_,_,_,_,_,_",baik
"b,_,_,_,_,_,_,_,_,_",besar
"b,e,_,_,_,_,_,_,_,_",besar
"b,e,s,_,_,_,_,_,_,_",besar
"b,e,s,a,_,_,_,_,_,_",besar
"b,e,s,a,r,_,_,_,_,_",besar
"b,_,_,_,_,_,_,_,_,_",belajar
"b,e,_,_,_,_,_,_,_,_",belajar
"b,e,l,_,_,_,_,_,_,_",belajar
"b,e,l,a,_,_,_,_,_,_",belajar
"b,e,l,a,j,_,_,_,_,_",belajar
"b,e,l,a,j,a,_,_,_,_",belajar
"b,e,l,a,j,a,r,_,_,_",belajar
"b,_,_,_,_,_,_,_,_,_",benar
"b,e,_,_,_,_,_,_,_,_",benar
"b,e,n,_,_,_,_,_,_,_",benar
"b,e,n,a,_,_,_,_,_,_",benar
"b,e,n,a,r,_,_,_,_,_",benar
"b,_,_,_,_,_,_,_,_,_",bagus
"b,a,_,_,_,_,_,_,_,_",bagus
"b,a,g,_,_,_,_,_,_,_",bagus
"b,a,g,u,_,_,_,_,_,_",bagus
"b,a,g,u,s,_,_,_,_,_",bagus
"b,_,_,_,_,_,_,_,_,_",buah
"b,u,_,_,_,_,_,_,_,_",buah
"b,u,a,_,_,_,_,_,_,_",buah
"b,u,a,h,_,_,_,_,_,_",buah
"b,_,_,_,_,_,_,_,_,_",biru
"b,i,_,_,_,_,_,_,_,_",biru
"b,i,r,_,_,_,_,_,_,_",biru
"b,i,r,u,_,_,_,_,_,_",biru
"b,_,_,_,_,_,_,_,_,_",bisa
"b,i,_,_,_,_,_,_,_,_",bisa
"b,i,s,_,_,_,_,_,_,_",bisa
"b,i,s,a,_,_,_,_,_,_",bisa
"b,_,_,_,_,_,_,_,_,_",bantuan
"b,a,_,_,_,_,_,_,_,_",bantuan
"b,a,n,_,_,_,_,_,_,_",bantuan
"b,a,n,t,_,_,_,_,_,_",bantuan
"b,a,n,t,u,_,_,_,_,_",bantuan
"b,a,n,t,u,a,_,_,_,_",bantuan
"b,a,n,t,u,a,n,_,_,_",bantuan
"c,_,_,_,_,_,_,_,_,_",cinta
"c,i,_,_,_,_,_,_,_,_",cinta
"c,i,n,_,_,_,_,_,_,_",cinta
"c,i,n,t,_,_,_,_,_,_",cinta
"c,i,n,t,a,_,_,_,_,_",cinta
"c,_,_,_,_,_,_,_,_,_",cantik
"c,a,_,_,_,_,_,_,_,_",cantik
"c,a,n,_,_,_,_,_,_,_",cantik
"c,a,n,t,_,_,_,_,_,_",cantik
"c,a,n,t,i,_,_,_,_,_",cantik
"c,a,n,t,i,k,_,_,_,_",cantik
"c,_,_,_,_,_,_,_,_,_",coba
"c,o,_,_,_,_,_,_,_,_",coba
"c,o,b,_,_,_,_,_,_,_",coba
"c,o,b,a,_,_,_,_,_,_",coba
"c,_,_,_,_,_,_,_,_,_",cerita
"c,e,_,_,_,_,_,_,_,_",cerita
"c,e,r,_,_,_,_,_,_,_",cerita
"c,e,r,i,_,_,_,_,_,_",cerita
"c,e,r,i,t,_,_,_,_,_",cerita
"c,e,r,i,t,a,_,_,_,_",cerita
"c,_,_,_,_,_,_,_,_,_",cari
"c,a,_,_,_,_,_,_,_,_",cari
"c,a,r,_,_,_,_,_,_,_",cari
"c,a,r,i,_,_,_,_,_,_",cari
"c,_,_,_,_,_,_,_,_,_",cahaya
"c,a,_,_,_,_,_,_,_,_",cahaya
"c,a,h,_,_,_,_,_,_,_",cahaya
"c,a,h,a,_,_,_,_,_,_",cahaya
"c,a,h,a,y,_,_,_,_,_",cahaya
"c,a,h,a,y,a,_,_,_,_",cahaya
"c,_,_,_,_,_,_,_,_,_",cepat
"c,e,_,_,_,_,_,_,_,_",cepat
"c,e,p,_,_,_,_,_,_,_",cepat
"c,e,p,a,_,_,_,_,_,_",cepat
"c,e,p,a,t,_,_,_,_,_",cepat
"c,_,_,_,_,_,_,_,_,_",cuaca
"c,u,_,_,_,_,_,_,_,_",cuaca
"c,u,a,_,_,_,_,_,_,_",cuaca
"c,u,a,c,_,_,_,_,_,_",cuaca
"c,u,a,c,a,_,_,_,_,_",cuaca
"c,_,_,_,_,_,_,_,_,_",cukup
"c,u,_,_,_,_,_,_,_,_",cukup
"c,u,k,_,_,_,_,_,_,_",cukup
"c,u,k,u,_,_,_,_,_,_",cukup
"c,u,k,u,p,_,_,_,_,_",cukup
"c,_,_,_,_,_,_,_,_,_",ceria
"c,e,_,_,_,_,_,_,_,_",ceria
"c,e,r,_,_,_,_,_,_,_",ceria
"c,e,r,i,_,_,_,_,_,_",ceria
"c,e,r,i,a,_,_,_,_,_",ceria
"d,_,_,_,_,_,_,_,_,_",dia
"d,i,_,_,_,_,_,_,_,_",dia
"d,i,a,_,_,_,_,_,_,_",dia
"d,_,_,_,_,_,_,_,_,_",dengan
"d,e,_,_,_,_,_,_,_,_",dengan
"d,e,n,_,_,_,_,_,_,_",dengan
"d,e,n,g,_,_,_,_,_,_",dengan
"d,e,n,g,a,_,_,_,_,_",dengan
"d,e,n,g,a,n,_,_,_,_",dengan
"d,_,_,_,_,_,_,_,_,_",dan
"d,a,_,_,_,_,_,_,_,_",dan
"d,a,n,_,_,_,_,_,_,_",dan
"d,_,_,_,_,_,_,_,_,_",dari
"d,a,_,_,_,_,_,_,_,_",dari
"d,a,r,_,_,_,_,_,_,_",dari
"d,a,r,i,_,_,_,_,_,_",dari
"d,_,_,_,_,_,_,_,_,_",dalam
"d,a,_,_,_,_,_,_,_,_",dalam
"d,a,l,_,_,_,_,_,_,_",dalam
"d,a,l,a,_,_,_,_,_,_",dalam
"d,a,l,a,m,_,_,_,_,_",dalam
"d,_,_,_,_,_,_,_,_,_",dapat
"d,a,_,_,_,_,_,_,_,_",dapat
"d,a,p,_,_,_,_,_,_,_",dapat
"d,a,p,a,_,_,_,_,_,_",dapat
"d,a,p,a,t,_,_,_,_,_",dapat
"d,_,_,_,_,_,_,_,_,_",datang
"d,a,_,_,_,_,_,_,_,_",datang
"d,a,t,_,_,_,_,_,_,_",datang
"d,a,t,a,_,_,_,_,_,_",datang
"d,a,t,a,n,_,_,_,_,_",datang
"d,a,t,a,n,g,_,_,_,_",datang
"d,_,_,_,_,_,_,_,_,_",duduk
"d,u,_,_,_,_,_,_,_,_",duduk
"d,u,d,_,_,_,_,_,_,_",duduk
"d,u,d,u,_,_,_,_,_,_",duduk
"d,u,d,u,k,_,_,_,_,_",duduk
"d,_,_,_,_,_,_,_,_,_",doa
"d,o,_,_,_,_,_,_,_,_",doa
"d,o,a,_,_,_,_,_,_,_",doa
"d,_,_,_,_,_,_,_,_,_",damai
"d,a,_,_,_,_,_,_,_,_",damai
"d,a,m,_,_,_,_,_,_,_",damai
"d,a,m,a,_,_,_,_,_,_",damai
"d,a,m,a,i,_,_,_,_,_",damai
"e,_,_,_,_,_,_,_,_,_",enak
"e,n,_,_,_,_,_,_,_,_",enak
"e,n,a,_,_,_,_,_,_,_",enak
"e,n,a,k,_,_,_,_,_,_",enak
"e,_,_,_,_,_,_,_,_,_",engkau
"e,n,_,_,_,_,_,_,_,_",engkau
"e,n,g,_,_,_,_,_,_,_",engkau
"e,n,g,k,_,_,_,_,_,_",engkau
"e,n,g,k,a,_,_,_,_,_",engkau
"e,n,g,k,a,u,_,_,_,_",engkau
"e,_,_,_,_,_,_,_,_,_",emas
"e,m,_,_,_,_,_,_,_,_",emas
"e,m,a,_,_,_,_,_,_,_",emas
"e,m,a,s,_,_,_,_,_,_",emas
"e,_,_,_,_,_,_,_,_,_",emosi
"e,m,_,_,_,_,_,_,_,_",emosi
"e,m,o,_,_,_,_,_,_,_",emosi
"e,m,o,s,_,_,_,_,_,_",emosi
"e,m,o,s,i,_,_,_,_,_",emosi
"e,_,_,_,_,_,_,_,_,_",elang
"e,l,_,_,_,_,_,_,_,_",elang
"e,l,a,_,_,_,_,_,_,_",elang
"e,l,a,n,_,_,_,_,_,_",elang
"e,l,a,n,g,_,_,_,_,_",elang
"e,_,_,_,_,_,_,_,_,_",ekonomi
"e,k,_,_,_,_,_,_,_,_",ekonomi
"e,k,o,_,_,_,_,_,_,_",ekonomi
"e,k,o,n,_,_,_,_,_,_",ekonomi
"e,k,o,n,o,_,_,_,_,_",ekonomi
"e,k,o,n,o,m,_,_,_,_",ekonomi
"e,k,o,n,o,m,i,_,_,_",ekonomi
"e,_,_,_,_,_,_,_,_,_",energi
"e,n,_,_,_,_,_,_,_,_",energi
"e,n,e,_,_,_,_,_,_,_",energi
"e,n,e,r,_,_,_,_,_,_",energi
"e,n,e,r,g,_,_,_,_,_",energi
"e,n,e,r,g,i,_,_,_,_",energi
"e,_,_,_,_,_,_,_,_,_",evaluasi
"e,v,_,_,_,_,_,_,_,_",evaluasi
"e,v,a,_,_,_,_,_,_,_",evaluasi
"e,v,a,l,_,_,_,_,_,_",evaluasi
"e,v,a,l,u,_,_,_,_,_",evaluasi
"e,v,a,l,u,a,_,_,_,_",evaluasi
"e,v,a,l,u,a,s,_,_,_",evaluasi
"e,v,a,l,u,a,s,i,_,_",evaluasi
"e,_,_,_,_,_,_,_,_,_",evolusi
"e,v,_,_,_,_,_,_,_,_",evolusi
"e,v,o,_,_,_,_,_,_,_",evolusi
"e,v,o,l,_,_,_,_,_,_",evolusi
"e,v,o,l,u,_,_,_,_,_",evolusi
"e,v,o,l,u,s,_,_,_,_",evolusi
"e,v,o,l,u,s,i,_,_,_",evolusi
"e,_,_,_,_,_,_,_,_,_",ekspor
"e,k,_,_,_,_,_,_,_,_",ekspor
"e,k,s,_,_,_,_,_,_,_",ekspor
"e,k,s,p,_,_,_,_,_,_",ekspor
"e,k,s,p,o,_,_,_,_,_",ekspor
"e,k,s,p,o,r,_,_,_,_",ekspor
"f,_,_,_,_,_,_,_,_,_",foto
"f,o,_,_,_,_,_,_,_,_",foto
"f,o,t,_,_,_,_,_,_,_",foto
"f,o,t,o,_,_,_,_,_,_",foto
"f,_,_,_,_,_,_,_,_,_",film
"f,i,_,_,_,_,_,_,_,_",film
"f,i,l,_,_,_,_,_,_,_",film
"f,i,l,m,_,_,_,_,_,_",film
"f,_,_,_,_,_,_,_,_,_",fisik
"f,i,_,_,_,_,_,_,_,_",fisik
"f,i,s,_,_,_,_,_,_,_",fisik
"f,i,s,i,_,_,_,_,_,_",fisik
"f,i,s,i,k,_,_,_,_,_",fisik
"f,_,_,_,_,_,_,_,_,_",filosofi
"f,i,_,_,_,_,_,_,_,_",filosofi
"f,i,l,_,_,_,_,_,_,_",filosofi
"f,i,l,o,_,_,_,_,_,_",filosofi
"f,i,l,o,s,_,_,_,_,_",filosofi
"f,i,l,o,s,o,_,_,_,_",filosofi
"f,i,l,o,s,o,f,_,_,_",filosofi
"f,i,l,o,s,o,f,i,_,_",filosofi
"f,_,_,_,_,_,_,_,_,_",faktor
"f,a,_,_,_,_,_,_,_,_",faktor
"f,a,k,_,_,_,_,_,_,_",faktor
"f,a,k,t,_,_,_,_,_,_",faktor
"f,a,k,t,o,_,_,_,_,_",faktor
"f,a,k,t,o,r,_,_,_,_",faktor
"f,_,_,_,_,_,_,_,_,_",fantasi
"f,a,_,_,_,_,_,_,_,_",fantasi
"f,a,n,_,_,_,_,_,_,_",fantasi
"f,a,n,t,_,_,_,_,_,_",fantasi
"f,a,n,t,a,_,_,_,_,_",fantasi
"f,a,n,t,a,s,_,_,_,_",fantasi
"f,a,n,t,a,s,i,_,_,_",fantasi
"f,_,_,_,_,_,_,_,_,_",festival
"f,e,_,_,_,_,_,_,_,_",festival
"f,e,s,_,_,_,_,_,_,_",festival
"f,e,s,t,_,_,_,_,_,_",festival
"f,e,s,t,i,_,_,_,_,_",festival
"f,e,s,t,i,v,_,_,_,_",festival
"f,e,s,t,i,v,a,_,_,_",festival
"f,e,s,t,i,v,a,l,_,_",festival
"f,_,_,_,_,_,_,_,_,_",fokus
"f,o,_,_,_,_,_,_,_,_",fokus
"f,o,k,_,_,_,_,_,_,_",fokus
"f,o,k,u,_,_,_,_,_,_",fokus
"f,o,k,u,s,_,_,_,_,_",fokus
"f,_,_,_,_,_,_,_,_,_",formal
"f,o,_,_,_,_,_,_,_,_",formal
"f,o,r,_,_,_,_,_,_,_",formal
"f,o,r,m,_,_,_,_,_,_",formal
"f,o,r,m,a,_,_,_,_,_",formal
"f,o,r,m,a,l,_,_,_,_",formal
"f,_,_,_,_,_,_,_,_,_",fragmen
"f,r,_,_,_,_,_,_,_,_",fragmen
"f,r,a,_,_,_,_,_,_,_",fragmen
"f,r,a,g,_,_,_,_,_,_",fragmen
"f,r,a,g,m,_,_,_,_,_",fragmen
"f,r,a,g,m,e,_,_,_,_",fragmen
"f,r,a,g,m,e,n,_,_,_",fragmen
"g,_,_,_,_,_,_,_,_,_",gembira
"g,e,_,_,_,_,_,_,_,_",gembira
"g,e,m,_,_,_,_,_,_,_",gembira
"g,e,m,b,_,_,_,_,_,_",gembira
"g,e,m,b,i,_,_,_,_,_",gembira
"g,e,m,b,i,r,_,_,_,_",gembira
"g,e,m,b,i,r,a,_,_,_",gembira
"g,_,_,_,_,_,_,_,_,_",guru
"g,u,_,_,_,_,_,_,_,_",guru
"g,u,r,_,_,_,_,_,_,_",guru
"g,u,r,u,_,_,_,_,_,_",guru
"g,_,_,_,_,_,_,_,_,_",gambar
"g,a,_,_,_,_,_,_,_,_",gambar
"g,a,m,_,_,_,_,_,_,_",gambar
"g,a,m,b,_,_,_,_,_,_",gambar
"g,a,m,b,a,_,_,_,_,_",gambar
"g,a,m,b,a,r,_,_,_,_",gambar
"g,_,_,_,_,_,_,_,_,_",gigi
"g,i,_,_,_,_,_,_,_,_",gigi
"g,i,g,_,_,_,_,_,_,_",gigi
"g,i,g,i,_,_,_,_,_,_",gigi
"g,_,_,_,_,_,_,_,_,_",gunung
"g,u,_,_,_,_,_,_,_,_",gunung
"g,u,n,_,_,_,_,_,_,_",gunung
"g,u,n,u,_,_,_,_,_,_",gunung
"g,u,n,u,n,_,_,_,_,_",gunung
"g,u,n,u,n,g,_,_,_,_",gunung
"g,_,_,_,_,_,_,_,_,_",garam
"g,a,_,_,_,_,_,_,_,_",garam
"g,a,r,_,_,_,_,_,_,_",garam
"g,a,r,a,_,_,_,_,_,_",garam
"g,a,r,a,m,_,_,_,_,_",garam
"g,_,_,_,_,_,_,_,_,_",gelap
"g,e,_,_,_,_,_,_,_,_",gelap
"g,e,l,_,_,_,_,_,_,_",gelap
"g,e,l,a,_,_,_,_,_,_",gelap
"g,e,l,a,p,_,_,_,_,_",gelap
"g,_,_,_,_,_,_,_,_,_",gadis
"g,a,_,_,_,_,_,_,_,_",gadis
"g,a,d,_,_,_,_,_,_,_",gadis
"g,a,d,i,_,_,_,_,_,_",gadis
"g,a,d,i,s,_,_,_,_,_",gadis
"g,_,_,_,_,_,_,_,_,_",gereja
"g,e,_,_,_,_,_,_,_,_",gereja
"g,e,r,_,_,_,_,_,_,_",gereja
"g,e,r,e,_,_,_,_,_,_",gereja
"g,e,r,e,j,_,_,_,_,_",gereja
"g,e,r,e,j,a,_,_,_,_",gereja
"g,_,_,_,_,_,_,_,_,_",garis
"g,a,_,_,_,_,_,_,_,_",garis
"g,a,r,_,_,_,_,_,_,_",garis
"g,a,r,i,_,_,_,_,_,_",garis
"g,a,r,i,s,_,_,_,_,_",garis
"h,_,_,_,_,_,_,_,_,_",hati
"h,a,_,_,_,_,_,_,_,_",hati
"h,a,t,_,_,_,_,_,_,_",hati
"h,a,t,i,_,_,_,_,_,_",hati
"h,_,_,_,_,_,_,_,_,_",hari
"h,a,_,_,_,_,_,_,_,_",hari
"h,a,r,_,_,_,_,_,_,_",hari
"h,a,r,i,_,_,_,_,_,_",hari
"h,_,_,_,_,_,_,_,_,_",hidup
"h,i,_,_,_,_,_,_,_,_",hidup
"h,i,d,_,_,_,_,_,_,_",hidup
"h,i,d,u,_,_,_,_,_,_",hidup
"h,i,d,u,p,_,_,_,_,_",hidup
"h,_,_,_,_,_,_,_,_,_",harus
"h,a,_,_,_,_,_,_,_,_",harus
"h,a,r,_,_,_,_,_,_,_",harus
"h,a,r,u,_,_,_,_,_,_",harus
"h,a,r,u,s,_,_,_,_,_",harus
"h,_,_,_,_,_,_,_,_,_",harapan
"h,a,_,_,_,_,_,_,_,_",harapan
"h,a,r,_,_,_,_,_,_,_",harapan
"h,a,r,a,_,_,_,_,_,_",harapan
"h,a,r,a,p,_,_,_,_,_",harapan
"h,a,r,a,p,a,_,_,_,_",harapan
"h,a,r,a,p,a,n,_,_,_",harapan
"h,_,_,_,_,_,_,_,_,_",hijau
"h,i,_,_,_,_,_,_,_,_",hijau
"h,i,j,_,_,_,_,_,_,_",hijau
"h,i,j,a,_,_,_,_,_,_",hijau
"h,i,j,a,u,_,_,_,_,_",hijau
"h,_,_,_,_,_,_,_,_,_",hujan
"h,u,_,_,_,_,_,_,_,_",hujan
"h,u,j,_,_,_,_,_,_,_",hujan
"h,u,j,a,_,_,_,_,_,_",hujan
"h,u,j,a,n,_,_,_,_,_",hujan
"h,_,_,_,_,_,_,_,_,_",hebat
"h,e,_,_,_,_,_,_,_,_",hebat
"h,e,b,_,_,_,_,_,_,_",hebat
"h,e,b,a,_,_,_,_,_,_",hebat
"h,e,b,a,t,_,_,_,_,_",hebat
"h,_,_,_,_,_,_,_,_,_",hormat
"h,o,_,_,_,_,_,_,_,_",hormat
"h,o,r,_,_,_,_,_,_,_",hormat
"h,o,r,m,_,_,_,_,_,_",hormat
"h,o,r,m,a,_,_,_,_,_",hormat
"h,o,r,m,a,t,_,_,_,_",hormat
"h,_,_,_,_,_,_,_,_,_",hewan
"h,e,_,_,_,_,_,_,_,_",hewan
"h,e,w,_,_,_,_,_,_,_",hewan
"h,e,w,a,_,_,_,_,_,_",hewan
"h,e,w,a,n,_,_,_,_,_",hewan
"i,_,_,_,_,_,_,_,_,_",ini
"i,n,_,_,_,_,_,_,_,_",ini
"i,n,i,_,_,_,_,_,_,_",ini
"i,_,_,_,_,_,_,_,_,_",itu
"i,t,_,_,_,_,_,_,_,_",itu
"i,t,u,_,_,_,_,_,_,_",itu
"i,_,_,_,_,_,_,_,_,_",ibu
"i,b,_,_,_,_,_,_,_,_",ibu
"i,b,u,_,_,_,_,_,_,_",ibu
"i,_,_,_,_,_,_,_,_,_",indah
"i,n,_,_,_,_,_,_,_,_",indah
"i,n,d,_,_,_,_,_,_,_",indah
"i,n,d,a,_,_,_,_,_,_",indah
"i,n,d,a,h,_,_,_,_,_",indah
"i,_,_,_,_,_,_,_,_,_",indonesia
"i,n,_,_,_,_,_,_,_,_",indonesia
"i,n,d,_,_,_,_,_,_,_",indonesia
"i,n,d,o,_,_,_,_,_,_",indonesia
"i,n,d,o,n,_,_,_,_,_",indonesia
"i,n,d,o,n,e,_,_,_,_",indonesia
"i,n,d,o,n,e,s,_,_,_",indonesia
"i,n,d,o,n,e,s,i,_,_",indonesia
"i,n,d,o,n,e,s,i,a,_",indonesia
"i,_,_,_,_,_,_,_,_,_",ingin
"i,n,_,_,_,_,_,_,_,_",ingin
"i,n,g,_,_,_,_,_,_,_",ingin
"i,n,g,i,_,_,_,_,_,_",ingin
"i,n,g,i,n,_,_,_,_,_",ingin
"i,_,_,_,_,_,_,_,_,_",istri
"i,s,_,_,_,_,_,_,_,_",istri
"i,s,t,_,_,_,_,_,_,_",istri
"i,s,t,r,_,_,_,_,_,_",istri
"i,s,t,r,i,_,_,_,_,_",istri
"i,_,_,_,_,_,_,_,_,_",ikan
"i,k,_,_,_,_,_,_,_,_",ikan
"i,k,a,_,_,_,_,_,_,_",ikan
"i,k,a,n,_,_,_,_,_,_",ikan
"i,_,_,_,_,_,_,_,_,_",ilmu
"i,l,_,_,_,_,_,_,_,_",ilmu
"i,l,m,_,_,_,_,_,_,_",ilmu
"i,l,m,u,_,_,_,_,_,_",ilmu
"i,_,_,_,_,_,_,_,_,_",impian
"i,m,_,_,_,_,_,_,_,_",impian
"i,m,p,_,_,_,_,_,_,_",impian
"i,m,p,i,_,_,_,_,_,_",impian
"i,m,p,i,a,_,_,_,_,_",impian
"i,m,p,i,a,n,_,_,_,_",impian
"j,_,_,_,_,_,_,_,_,_",jangan
"j,a,_,_,_,_,_,_,_,_",jangan
"j,a,n,_,_,_,_,_,_,_",jangan
"j,a,n,g,_,_,_,_,_,_",jangan
"j,a,n,g,a,_,_,_,_,_",jangan
"j,a,n,g,a,n,_,_,_,_",jangan
"j,_,_,_,_,_,_,_,_,_",jalan
"j,a,_,_,_,_,_,_,_,_",jalan
"j,a,l,_,_,_,_,_,_,_",jalan
"j,a,l,a,_,_,_,_,_,_",jalan
"j,a,l,a,n,_,_,_,_,_",jalan
"j,_,_,_,_,_,_,_,_,_",jauh
"j,a,_,_,_,_,_,_,_,_",jauh
"j,a,u,_,_,_,_,_,_,_",jauh
"j,a,u,h,_,_,_,_,_,_",jauh
"j,_,_,_,_,_,_,_,_,_",juga
"j,u,_,_,_,_,_,_,_,_",juga
"j,u,g,_,_,_,_,_,_,_",juga
"j,u,g,a,_,_,_,_,_,_",juga
"j,_,_,_,_,_,_,_,_,_",jadi
"j,a,_,_,_,_,_,_,_,_",jadi
"j,a,d,_,_,_,_,_,_,_",jadi
"j,a,d,i,_,_,_,_,_,_",jadi
"j,_,_,_,_,_,_,_,_,_",jam
"j,a,_,_,_,_,_,_,_,_",jam
"j,a,m,_,_,_,_,_,_,_",jam
"j,_,_,_,_,_,_,_,_,_",jantung
"j,a,_,_,_,_,_,_,_,_",jantung
"j,a,n,_,_,_,_,_,_,_",jantung
"j,a,n,t,_,_,_,_,_,_",jantung
"j,a,n,t,u,_,_,_,_,_",jantung
"j,a,n,t,u,n,_,_,_,_",jantung
"j,a,n,t,u,n,g,_,_,_",jantung
"j,_,_,_,_,_,_,_,_,_",jeruk
"j,e,_,_,_,_,_,_,_,_",jeruk
"j,e,r,_,_,_,_,_,_,_",jeruk
"j,e,r,u,_,_,_,_,_,_",jeruk
"j,e,r,u,k,_,_,_,_,_",jeruk
"j,_,_,_,_,_,_,_,_,_",jiwa
"j,i,_,_,_,_,_,_,_,_",jiwa
"j,i,w,_,_,_,_,_,_,_",jiwa
"j,i,w,a,_,_,_,_,_,_",jiwa
"j,_,_,_,_,_,_,_,_,_",jendela
"j,e,_,_,_,_,_,_,_,_",jendela
"j,e,n,_,_,_,_,_,_,_",jendela
"j,e,n,d,_,_,_,_,_,_",jendela
"j,e,n,d,e,_,_,_,_,_",jendela
"j,e,n,d,e,l,_,_,_,_",jendela
"j,e,n,d,e,l,a,_,_,_",jendela
"k,_,_,_,_,_,_,_,_,_",kamu
"k,a,_,_,_,_,_,_,_,_",kamu
"k,a,m,_,_,_,_,_,_,_",kamu
"k,a,m,u,_,_,_,_,_,_",kamu
"k,_,_,_,_,_,_,_,_,_",kita
"k,i,_,_,_,_,_,_,_,_",kita
"k,i,t,_,_,_,_,_,_,_",kita
"k,i,t,a,_,_,_,_,_,_",kita
"k,_,_,_,_,_,_,_,_,_",kasih
"k,a,_,_,_,_,_,_,_,_",kasih
"k,a,s,_,_,_,_,_,_,_",kasih
"k,a,s,i,_,_,_,_,_,_",kasih
"k,a,s,i,h,_,_,_,_,_",kasih
"k,_,_,_,_,_,_,_,_,_",kata
"k,a,_,_,_,_,_,_,_,_",kata
"k,a,t,_,_,_,_,_,_,_",kata
"k,a,t,a,_,_,_,_,_,_",kata
"k,_,_,_,_,_,_,_,_,_",karena
"k,a,_,_,_,_,_,_,_,_",karena
"k,a,r,_,_,_,_,_,_,_",karena
"k,a,r,e,_,_,_,_,_,_",karena
"k,a,r,e,n,_,_,_,_,_",karena
"k,a,r,e,n,a,_,_,_,_",karena
"k,_,_,_,_,_,_,_,_,_",kucing
"k,u,_,_,_,_,_,_,_,_",kucing
"k,u,c,_,_,_,_,_,_,_",kucing
"k,u,c,i,_,_,_,_,_,_",kucing
"k,u,c,i,n,_,_,_,_,_",kucing
"k,u,c,i,n,g,_,_,_,_",kucing
"k,_,_,_,_,_,_,_,_,_",kecil
"k,e,_,_,_,_,_,_,_,_",kecil
"k,e,c,_,_,_,_,_,_,_",kecil
"k,e,c,i,_,_,_,_,_,_",kecil
"k,e,c,i,l,_,_,_,_,_",kecil
"k,_,_,_,_,_,_,_,_,_",keras
"k,e,_,_,_,_,_,_,_,_",keras
"k,e,r,_,_,_,_,_,_,_",keras
"k,e,r,a,_,_,_,_,_,_",keras
"k,e,r,a,s,_,_,_,_,_",keras
"k,_,_,_,_,_,_,_,_,_",kawan
"k,a,_,_,_,_,_,_,_,_",kawan
"k,a,w,_,_,_,_,_,_,_",kawan
"k,a,w,a,_,_,_,_,_,_",kawan
"k,a,w,a,n,_,_,_,_,_",kawan
"k,_,_,_,_,_,_,_,_,_",kepala
"k,e,_,_,_,_,_,_,_,_",kepala
"k,e,p,_,_,_,_,_,_,_",kepala
"k,e,p,a,_,_,_,_,_,_",kepala
"k,e,p,a,l,_,_,_,_,_",kepala
"k,e,p,a,l,a,_,_,_,_",kepala
"l,_,_,_,_,_,_,_,_,_",laut
"l,a,_,_,_,_,_,_,_,_",laut
"l,a,u,_,_,_,_,_,_,_",laut
"l,a,u,t,_,_,_,_,_,_",laut
"l,_,_,_,_,_,_,_,_,_",langit
"l,a,_,_,_,_,_,_,_,_",langit
"l,a,n,_,_,_,_,_,_,_",langit
"l,a,n,g,_,_,_,_,_,_",langit
"l,a,n,g,i,_,_,_,_,_",langit
"l,a,n,g,i,t,_,_,_,_",langit
"l,_,_,_,_,_,_,_,_,_",lihat
"l,i,_,_,_,_,_,_,_,_",lihat
"l,i,h,_,_,_,_,_,_,_",lihat
"l,i,h,a,_,_,_,_,_,_",lihat
"l,i,h,a,t,_,_,_,_,_",lihat
"l,_,_,_,_,_,_,_,_,_",lagi
"l,a,_,_,_,_,_,_,_,_",lagi
"l,a,g,_,_,_,_,_,_,_",lagi
"l,a,g,i,_,_,_,_,_,_",lagi
"l,_,_,_,_,_,_,_,_,_",lupa
"l,u,_,_,_,_,_,_,_,_",lupa
"l,u,p,_,_,_,_,_,_,_",lupa
"l,u,p,a,_,_,_,_,_,_",lupa
"l,_,_,_,_,_,_,_,_,_",lewat
"l,e,_,_,_,_,_,_,_,_",lewat
"l,e,w,_,_,_,_,_,_,_",lewat
"l,e,w,a,_,_,_,_,_,_",lewat
"l,e,w,a,t,_,_,_,_,_",lewat
"l,_,_,_,_,_,_,_,_,_",lain
"l,a,_,_,_,_,_,_,_,_",lain
"l,a,i,_,_,_,_,_,_,_",lain
"l,a,i,n,_,_,_,_,_,_",lain
"l,_,_,_,_,_,_,_,_,_",lemah
"l,e,_,_,_,_,_,_,_,_",lemah
"l,e,m,_,_,_,_,_,_,_",lemah
"l,e,m,a,_,_,_,_,_,_",lemah
"l,e,m,a,h,_,_,_,_,_",lemah
"l,_,_,_,_,_,_,_,_,_",lapar
"l,a,_,_,_,_,_,_,_,_",lapar
"l,a,p,_,_,_,_,_,_,_",lapar
"l,a,p,a,_,_,_,_,_,_",lapar
"l,a,p,a,r,_,_,_,_,_",lapar
"l,_,_,_,_,_,_,_,_,_",lebar
"l,e,_,_,_,_,_,_,_,_",lebar
"l,e,b,_,_,_,_,_,_,_",lebar
"l,e,b,a,_,_,_,_,_,_",lebar
"l,e,b,a,r,_,_,_,_,_",lebar
"m,_,_,_,_,_,_,_,_,_",mata
"m,a,_,_,_,_,_,_,_,_",mata
"m,a,t,_,_,_,_,_,_,_",mata
"m,a,t,a,_,_,_,_,_,_",mata
"m,_,_,_,_,_,_,_,_,_",makan
"m,a,_,_,_,_,_,_,_,_",makan
"m,a,k,_,_,_,_,_,_,_",makan
"m,a,k,a,_,_,_,_,_,_",makan
"m,a,k,a,n,_,_,_,_,_",makan
"m,_,_,_,_,_,_,_,_,_",mama
"m,a,_,_,_,_,_,_,_,_",mama
"m,a,m,_,_,_,_,_,_,_",mama
"m,a,m,a,_,_,_,_,_,_",mama
"m,_,_,_,_,_,_,_,_,_",malam
"m,a,_,_,_,_,_,_,_,_",malam
"m,a,l,_,_,_,_,_,_,_",malam
"m,a,l,a,_,_,_,_,_,_",malam
"m,a,l,a,m,_,_,_,_,_",malam
"m,_,_,_,_,_,_,_,_,_",maaf
"m,a,_,_,_,_,_,_,_,_",maaf
"m,a,a,_,_,_,_,_,_,_",maaf
"m,a,a,f,_,_,_,_,_,_",maaf
"m,_,_,_,_,_,_,_,_,_",main
"m,a,_,_,_,_,_,_,_,_",main
"m,a,i,_,_,_,_,_,_,_",main
"m,a,i,n,_,_,_,_,_,_",main
"m,_,_,_,_,_,_,_,_,_",muda
"m,u,_,_,_,_,_,_,_,_",muda
"m,u,d,_,_,_,_,_,_,_",muda
"m,u,d,a,_,_,_,_,_,_",muda
"m,_,_,_,_,_,_,_,_,_",musik
"m,u,_,_,_,_,_,_,_,_",musik
"m,u,s,_,_,_,_,_,_,_",musik
"m,u,s,i,_,_,_,_,_,_",musik
"m,u,s,i,k,_,_,_,_,_",musik
"m,_,_,_,_,_,_,_,_,_",mobil
"m,o,_,_,_,_,_,_,_,_",mobil
"m,o,b,_,_,_,_,_,_,_",mobil
"m,o,b,i,_,_,_,_,_,_",mobil
"m,o,b,i,l,_,_,_,_,_",mobil
"m,_,_,_,_,_,_,_,_,_",manis
"m,a,_,_,_,_,_,_,_,_",manis
"m,a,n,_,_,_,_,_,_,_",manis
"m,a,n,i,_,_,_,_,_,_",manis
"m,a,n,i,s,_,_,_,_,_",manis
"n,_,_,_,_,_,_,_,_,_",nama
"n,a,_,_,_,_,_,_,_,_",nama
"n,a,m,_,_,_,_,_,_,_",nama
"n,a,m,a,_,_,_,_,_,_",nama
"n,_,_,_,_,_,_,_,_,_",nanti
"n,a,_,_,_,_,_,_,_,_",nanti
"n,a,n,_,_,_,_,_,_,_",nanti
"n,a,n,t,_,_,_,_,_,_",nanti
"n,a,n,t,i,_,_,_,_,_",nanti
"t,_,_,_,_,_,_,_,_,_",tidak
"t,i,_,_,_,_,_,_,_,_",tidak
"t,i,d,_,_,_,_,_,_,_",tidak
"t,i,d,a,_,_,_,_,_,_",tidak
"t,i,d,a,k,_,_,_,_,_",tidak
"n,_,_,_,_,_,_,_,_,_",nyaman
"n,y,_,_,_,_,_,_,_,_",nyaman
"n,y,a,_,_,_,_,_,_,_",nyaman
"n,y,a,m,_,_,_,_,_,_",nyaman
"n,y,a,m,a,_,_,_,_,_",nyaman
"n,y,a,m,a,n,_,_,_,_",nyaman
"n,_,_,_,_,_,_,_,_,_",naik
"n,a,_,_,_,_,_,_,_,_",naik
"n,a,i,_,_,_,_,_,_,_",naik
"n,a,i,k,_,_,_,_,_,_",naik
"n,_,_,_,_,_,_,_,_,_",negara
"n,e,_,_,_,_,_,_,_,_",negara
"n,e,g,_,_,_,_,_,_,_",negara
"n,e,g,a,_,_,_,_,_,_",negara
"n,e,g,a,r,_,_,_,_,_",negara
"n,e,g,a,r,a,_,_,_,_",negara
"n,_,_,_,_,_,_,_,_,_",nyanyi
"n,y,_,_,_,_,_,_,_,_",nyanyi
"n,y,a,_,_,_,_,_,_,_",nyanyi
"n,y,a,n,_,_,_,_,_,_",nyanyi
"n,y,a,n,y,_,_,_,_,_",nyanyi
"n,y,a,n,y,i,_,_,_,_",nyanyi
"n,_,_,_,_,_,_,_,_,_",nomor
"n,o,_,_,_,_,_,_,_,_",nomor
"n,o,m,_,_,_,_,_,_,_",nomor
"n,o,m,o,_,_,_,_,_,_",nomor
"n,o,m,o,r,_,_,_,_,_",nomor
"n,_,_,_,_,_,_,_,_,_",nikah
"n,i,_,_,_,_,_,_,_,_",nikah
"n,i,k,_,_,_,_,_,_,_",nikah
"n,i,k,a,_,_,_,_,_,_",nikah
"n,i,k,a,h,_,_,_,_,_",nikah
"n,_,_,_,_,_,_,_,_,_",nilai
"n,i,_,_,_,_,_,_,_,_",nilai
"n,i,l,_,_,_,_,_,_,_",nilai
"n,i,l,a,_,_,_,_,_,_",nilai
"n,i,l,a,i,_,_,_,_,_",nilai
"o,_,_,_,_,_,_,_,_,_",orang
"o,r,_,_,_,_,_,_,_,_",orang
"o,r,a,_,_,_,_,_,_,_",orang
"o,r,a,n,_,_,_,_,_,_",orang
"o,r,a,n,g,_,_,_,_,_",orang
"o,_,_,_,_,_,_,_,_,_",oleh
"o,l,_,_,_,_,_,_,_,_",oleh
"o,l,e,_,_,_,_,_,_,_",oleh
"o,l,e,h,_,_,_,_,_,_",oleh
"a,_,_,_,_,_,_,_,_,_",atau
"a,t,_,_,_,_,_,_,_,_",atau
"a,t,a,_,_,_,_,_,_,_",atau
"a,t,a,u,_,_,_,_,_,_",atau
"o,_,_,_,_,_,_,_,_,_",obat
"o,b,_,_,_,_,_,_,_,_",obat
"o,b,a,_,_,_,_,_,_,_",obat
"o,b,a,t,_,_,_,_,_,_",obat
"o,_,_,_,_,_,_,_,_,_",olahraga
"o,l,_,_,_,_,_,_,_,_",olahraga
"o,l,a,_,_,_,_,_,_,_",olahraga
"o,l,a,h,_,_,_,_,_,_",olahraga
"o,l,a,h,r,_,_,_,_,_",olahraga
"o,l,a,h,r,a,_,_,_,_",olahraga
"o,l,a,h,r,a,g,_,_,_",olahraga
"o,l,a,h,r,a,g,a,_,_",olahraga
"o,_,_,_,_,_,_,_,_,_",omong
"o,m,_,_,_,_,_,_,_,_",omong
"o,m,o,_,_,_,_,_,_,_",omong
"o,m,o,n,_,_,_,_,_,_",omong
"o,m,o,n,g,_,_,_,_,_",omong
"o,_,_,_,_,_,_,_,_,_",otot
"o,t,_,_,_,_,_,_,_,_",otot
"o,t,o,_,_,_,_,_,_,_",otot
"o,t,o,t,_,_,_,_,_,_",otot
"o,_,_,_,_,_,_,_,_,_",orangtua
"o,r,_,_,_,_,_,_,_,_",orangtua
"o,r,a,_,_,_,_,_,_,_",orangtua
"o,r,a,n,_,_,_,_,_,_",orangtua
"o,r,a,n,g,_,_,_,_,_",orangtua
"o,r,a,n,g,t,_,_,_,_",orangtua
"o,r,a,n,g,t,u,_,_,_",orangtua
"o,r,a,n,g,t,u,a,_,_",orangtua
"o,_,_,_,_,_,_,_,_,_",organisasi
"o,r,_,_,_,_,_,_,_,_",organisasi
"o,r,g,_,_,_,_,_,_,_",organisasi
"o,r,g,a,_,_,_,_,_,_",organisasi
"o,r,g,a,n,_,_,_,_,_",organisasi
"o,r,g,a,n,i,_,_,_,_",organisasi
"o,r,g,a,n,i,s,_,_,_",organisasi
"o,r,g,a,n,i,s,a,_,_",organisasi
"o,r,g,a,n,i,s,a,s,_",organisasi
"o,r,g,a,n,i,s,a,s,i",organisasi
"o,_,_,_,_,_,_,_,_,_",oksigen
"o,k,_,_,_,_,_,_,_,_",oksigen
"o,k,s,_,_,_,_,_,_,_",oksigen
"o,k,s,i,_,_,_,_,_,_",oksigen
"o,k,s,i,g,_,_,_,_,_",oksigen
"o,k,s,i,g,e,_,_,_,_",oksigen
"o,k,s,i,g,e,n,_,_,_",oksigen
"p,_,_,_,_,_,_,_,_,_",papa
"p,a,_,_,_,_,_,_,_,_",papa
"p,a,p,_,_,_,_,_,_,_",papa
"p,a,p,a,_,_,_,_,_,_",papa
"p,_,_,_,_,_,_,_,_,_",pergi
"p,e,_,_,_,_,_,_,_,_",pergi
"p,e,r,_,_,_,_,_,_,_",pergi
"p,e,r,g,_,_,_,_,_,_",pergi
"p,e,r,g,i,_,_,_,_,_",pergi
"p,_,_,_,_,_,_,_,_,_",pulang
"p,u,_,_,_,_,_,_,_,_",pulang
"p,u,l,_,_,_,_,_,_,_",pulang
"p,u,l,a,_,_,_,_,_,_",pulang
"p,u,l,a,n,_,_,_,_,_",pulang
"p,u,l,a,n,g,_,_,_,_",pulang
"p,_,_,_,_,_,_,_,_,_",pohon
"p,o,_,_,_,_,_,_,_,_",pohon
"p,o,h,_,_,_,_,_,_,_",pohon
"p,o,h,o,_,_,_,_,_,_",pohon
"p,o,h,o,n,_,_,_,_,_",pohon
"p,_,_,_,_,_,_,_,_,_",pagi
"p,a,_,_,_,_,_,_,_,_",pagi
"p,a,g,_,_,_,_,_,_,_",pagi
"p,a,g,i,_,_,_,_,_,_",pagi
"p,_,_,_,_,_,_,_,_,_",putih
"p,u,_,_,_,_,_,_,_,_",putih
"p,u,t,_,_,_,_,_,_,_",putih
"p,u,t,i,_,_,_,_,_,_",putih
"p,u,t,i,h,_,_,_,_,_",putih
"p,_,_,_,_,_,_,_,_,_",pintar
"p,i,_,_,_,_,_,_,_,_",pintar
"p,i,n,_,_,_,_,_,_,_",pintar
"p,i,n,t,_,_,_,_,_,_",pintar
"p,i,n,t,a,_,_,_,_,_",pintar
"p,i,n,t,a,r,_,_,_,_",pintar
"p,_,_,_,_,_,_,_,_,_",panas
"p,a,_,_,_,_,_,_,_,_",panas
"p,a,n,_,_,_,_,_,_,_",panas
"p,a,n,a,_,_,_,_,_,_",panas
"p,a,n,a,s,_,_,_,_,_",panas
"p,_,_,_,_,_,_,_,_,_",pakai
"p,a,_,_,_,_,_,_,_,_",pakai
"p,a,k,_,_,_,_,_,_,_",pakai
"p,a,k,a,_,_,_,_,_,_",pakai
"p,a,k,a,i,_,_,_,_,_",pakai
"p,_,_,_,_,_,_,_,_,_",pelan
"p,e,_,_,_,_,_,_,_,_",pelan
"p,e,l,_,_,_,_,_,_,_",pelan
"p,e,l,a,_,_,_,_,_,_",pelan
"p,e,l,a,n,_,_,_,_,_",pelan
"q,_,_,_,_,_,_,_,_,_",quran
"q,u,_,_,_,_,_,_,_,_",quran
"q,u,r,_,_,_,_,_,_,_",quran
"q,u,r,a,_,_,_,_,_,_",quran
"q,u,r,a,n,_,_,_,_,_",quran
"q,_,_,_,_,_,_,_,_,_",quantum
"q,u,_,_,_,_,_,_,_,_",quantum
"q,u,a,_,_,_,_,_,_,_",quantum
"q,u,a,n,_,_,_,_,_,_",quantum
"q,u,a,n,t,_,_,_,_,_",quantum
"q,u,a,n,t,u,_,_,_,_",quantum
"q,u,a,n,t,u,m,_,_,_",quantum
"q,_,_,_,_,_,_,_,_,_",quiz
"q,u,_,_,_,_,_,_,_,_",quiz
"q,u,i,_,_,_,_,_,_,_",quiz
"q,u,i,z,_,_,_,_,_,_",quiz
"q,_,_,_,_,_,_,_,_,_",quality
"q,u,_,_,_,_,_,_,_,_",quality
"q,u,a,_,_,_,_,_,_,_",quality
"q,u,a,l,_,_,_,_,_,_",quality
"q,u,a,l,i,_,_,_,_,_",quality
"q,u,a,l,i,t,_,_,_,_",quality
"q,u,a,l,i,t,y,_,_,_",quality
"q,_,_,_,_,_,_,_,_,_",quarter
"q,u,_,_,_,_,_,_,_,_",quarter
"q,u,a,_,_,_,_,_,_,_",quarter
"q,u,a,r,_,_,_,_,_,_",quarter
"q,u,a,r,t,_,_,_,_,_",quarter
"q,u,a,r,t,e,_,_,_,_",quarter
"q,u,a,r,t,e,r,_,_,_",quarter
"q,_,_,_,_,_,_,_,_,_",question
"q,u,_,_,_,_,_,_,_,_",question
"q,u,e,_,_,_,_,_,_,_",question
"q,u,e,s,_,_,_,_,_,_",question
"q,u,e,s,t,_,_,_,_,_",question
"q,u,e,s,t,i,_,_,_,_",question
"q,u,e,s,t,i,o,_,_,_",question
"q,u,e,s,t,i,o,n,_,_",question
"q,_,_,_,_,_,_,_,_,_",quick
"q,u,_,_,_,_,_,_,_,_",quick
"q,u,i,_,_,_,_,_,_,_",quick
"q,u,i,c,_,_,_,_,_,_",quick
"q,u,i,c,k,_,_,_,_,_",quick
"q,_,_,_,_,_,_,_,_,_",quiet
"q,u,_,_,_,_,_,_,_,_",quiet
"q,u,i,_,_,_,_,_,_,_",quiet
"q,u,i,e,_,_,_,_,_,_",quiet
"q,u,i,e,t,_,_,_,_,_",quiet
"q,_,_,_,_,_,_,_,_,_",quote
"q,u,_,_,_,_,_,_,_,_",quote
"q,u,o,_,_,_,_,_,_,_",quote
"q,u,o,t,_,_,_,_,_,_",quote
"q,u,o,t,e,_,_,_,_,_",quote
"q,_,_,_,_,_,_,_,_,_",queen
"q,u,_,_,_,_,_,_,_,_",queen
"q,u,e,_,_,_,_,_,_,_",queen
"q,u,e,e,_,_,_,_,_,_",queen
"q,u,e,e,n,_,_,_,_,_",queen
"r,_,_,_,_,_,_,_,_,_",rumah
"r,u,_,_,_,_,_,_,_,_",rumah
"r,u,m,_,_,_,_,_,_,_",rumah
"r,u,m,a,_,_,_,_,_,_",rumah
"r,u,m,a,h,_,_,_,_,_",rumah
"r,_,_,_,_,_,_,_,_,_",rasa
"r,a,_,_,_,_,_,_,_,_",rasa
"r,a,s,_,_,_,_,_,_,_",rasa
"r,a,s,a,_,_,_,_,_,_",rasa
"r,_,_,_,_,_,_,_,_,_",raja
"r,a,_,_,_,_,_,_,_,_",raja
"r,a,j,_,_,_,_,_,_,_",raja
"r,a,j,a,_,_,_,_,_,_",raja
"r,_,_,_,_,_,_,_,_,_",rendah
"r,e,_,_,_,_,_,_,_,_",rendah
"r,e,n,_,_,_,_,_,_,_",rendah
"r,e,n,d,_,_,_,_,_,_",rendah
"r,e,n,d,a,_,_,_,_,_",rendah
"r,e,n,d,a,h,_,_,_,_",rendah
"r,_,_,_,_,_,_,_,_,_",rindu
"r,i,_,_,_,_,_,_,_,_",rindu
"r,i,n,_,_,_,_,_,_,_",rindu
"r,i,n,d,_,_,_,_,_,_",rindu
"r,i,n,d,u,_,_,_,_,_",rindu
"r,_,_,_,_,_,_,_,_,_",rusak
"r,u,_,_,_,_,_,_,_,_",rusak
"r,u,s,_,_,_,_,_,_,_",rusak
"r,u,s,a,_,_,_,_,_,_",rusak
"r,u,s,a,k,_,_,_,_,_",rusak
"r,_,_,_,_,_,_,_,_,_",rahasia
"r,a,_,_,_,_,_,_,_,_",rahasia
"r,a,h,_,_,_,_,_,_,_",rahasia
"r,a,h,a,_,_,_,_,_,_",rahasia
"r,a,h,a,s,_,_,_,_,_",rahasia
"r,a,h,a,s,i,_,_,_,_",rahasia
"r,a,h,a,s,i,a,_,_,_",rahasia
"r,_,_,_,_,_,_,_,_,_",rokok
"r,o,_,_,_,_,_,_,_,_",rokok
"r,o,k,_,_,_,_,_,_,_",rokok
"r,o,k,o,_,_,_,_,_,_",rokok
"r,o,k,o,k,_,_,_,_,_",rokok
"r,_,_,_,_,_,_,_,_,_",radio
"r,a,_,_,_,_,_,_,_,_",radio
"r,a,d,_,_,_,_,_,_,_",radio
"r,a,d,i,_,_,_,_,_,_",radio
"r,a,d,i,o,_,_,_,_,_",radio
"r,_,_,_,_,_,_,_,_,_",rawat
"r,a,_,_,_,_,_,_,_,_",rawat
"r,a,w,_,_,_,_,_,_,_",rawat
"r,a,w,a,_,_,_,_,_,_",rawat
"r,a,w,a,t,_,_,_,_,_",rawat
"s,_,_,_,_,_,_,_,_,_",saya
"s,a,_,_,_,_,_,_,_,_",saya
"s,a,y,_,_,_,_,_,_,_",saya
"s,a,y,a,_,_,_,_,_,_",saya
"s,_,_,_,_,_,_,_,_,_",sudah
"s,u,_,_,_,_,_,_,_,_",sudah
"s,u,d,_,_,_,_,_,_,_",sudah
"s,u,d,a,_,_,_,_,_,_",sudah
"s,u,d,a,h,_,_,_,_,_",sudah
"s,_,_,_,_,_,_,_,_,_",sama
"s,a,_,_,_,_,_,_,_,_",sama
"s,a,m,_,_,_,_,_,_,_",sama
"s,a,m,a,_,_,_,_,_,_",sama
"s,_,_,_,_,_,_,_,_,_",sayang
"s,a,_,_,_,_,_,_,_,_",sayang
"s,a,y,_,_,_,_,_,_,_",sayang
"s,a,y,a,_,_,_,_,_,_",sayang
"s,a,y,a,n,_,_,_,_,_",sayang
"s,a,y,a,n,g,_,_,_,_",sayang
"s,_,_,_,_,_,_,_,_,_",sekolah
"s,e,_,_,_,_,_,_,_,_",sekolah
"s,e,k,_,_,_,_,_,_,_",sekolah
"s,e,k,o,_,_,_,_,_,_",sekolah
"s,e,k,o,l,_,_,_,_,_",sekolah
"s,e,k,o,l,a,_,_,_,_",sekolah
"s,e,k,o,l,a,h,_,_,_",sekolah
"s,_,_,_,_,_,_,_,_,_",suami
"s,u,_,_,_,_,_,_,_,_",suami
"s,u,a,_,_,_,_,_,_,_",suami
"s,u,a,m,_,_,_,_,_,_",suami
"s,u,a,m,i,_,_,_,_,_",suami
"s,_,_,_,_,_,_,_,_,_",sore
"s,o,_,_,_,_,_,_,_,_",sore
"s,o,r,_,_,_,_,_,_,_",sore
"s,o,r,e,_,_,_,_,_,_",sore
"s,_,_,_,_,_,_,_,_,_",senang
"s,e,_,_,_,_,_,_,_,_",senang
"s,e,n,_,_,_,_,_,_,_",senang
"s,e,n,a,_,_,_,_,_,_",senang
"s,e,n,a,n,_,_,_,_,_",senang
"s,e,n,a,n,g,_,_,_,_",senang
"s,_,_,_,_,_,_,_,_,_",sedih
"s,e,_,_,_,_,_,_,_,_",sedih
"s,e,d,_,_,_,_,_,_,_",sedih
"s,e,d,i,_,_,_,_,_,_",sedih
"s,e,d,i,h,_,_,_,_,_",sedih
"s,_,_,_,_,_,_,_,_,_",sehat
"s,e,_,_,_,_,_,_,_,_",sehat
"s,e,h,_,_,_,_,_,_,_",sehat
"s,e,h,a,_,_,_,_,_,_",sehat
"s,e,h,a,t,_,_,_,_,_",sehat
"t,_,_,_,_,_,_,_,_,_",teman
"t,e,_,_,_,_,_,_,_,_",teman
"t,e,m,_,_,_,_,_,_,_",teman
"t,e,m,a,_,_,_,_,_,_",teman
"t,e,m,a,n,_,_,_,_,_",teman
"t,_,_,_,_,_,_,_,_,_",terima
"t,e,_,_,_,_,_,_,_,_",terima
"t,e,r,_,_,_,_,_,_,_",terima
"t,e,r,i,_,_,_,_,_,_",terima
"t,e,r,i,m,_,_,_,_,_",terima
"t,e,r,i,m,a,_,_,_,_",terima
"t,_,_,_,_,_,_,_,_,_",tidak
"t,i,_,_,_,_,_,_,_,_",tidak
"t,i,d,_,_,_,_,_,_,_",tidak
"t,i,d,a,_,_,_,_,_,_",tidak
"t,i,d,a,k,_,_,_,_,_",tidak
"t,_,_,_,_,_,_,_,_,_",tahu
"t,a,_,_,_,_,_,_,_,_",tahu
"t,a,h,_,_,_,_,_,_,_",tahu
"t,a,h,u,_,_,_,_,_,_",tahu
"t,_,_,_,_,_,_,_,_,_",takut
"t,a,_,_,_,_,_,_,_,_",takut
"t,a,k,_,_,_,_,_,_,_",takut
"t,a,k,u,_,_,_,_,_,_",takut
"t,a,k,u,t,_,_,_,_,_",takut
"t,_,_,_,_,_,_,_,_,_",tinggi
"t,i,_,_,_,_,_,_,_,_",tinggi
"t,i,n,_,_,_,_,_,_,_",tinggi
"t,i,n,g,_,_,_,_,_,_",tinggi
"t,i,n,g,g,_,_,_,_,_",tinggi
"t,i,n,g,g,i,_,_,_,_",tinggi
"t,_,_,_,_,_,_,_,_,_",tidur
"t,i,_,_,_,_,_,_,_,_",tidur
"t,i,d,_,_,_,_,_,_,_",tidur
"t,i,d,u,_,_,_,_,_,_",tidur
"t,i,d,u,r,_,_,_,_,_",tidur
"t,_,_,_,_,_,_,_,_,_",tolong
"t,o,_,_,_,_,_,_,_,_",tolong
"t,o,l,_,_,_,_,_,_,_",tolong
"t,o,l,o,_,_,_,_,_,_",tolong
"t,o,l,o,n,_,_,_,_,_",tolong
"t,o,l,o,n,g,_,_,_,_",tolong
"t,_,_,_,_,_,_,_,_,_",tulis
"t,u,_,_,_,_,_,_,_,_",tulis
"t,u,l,_,_,_,_,_,_,_",tulis
"t,u,l,i,_,_,_,_,_,_",tulis
"t,u,l,i,s,_,_,_,_,_",tulis
"t,_,_,_,_,_,_,_,_,_",tuhan
"t,u,_,_,_,_,_,_,_,_",tuhan
"t,u,h,_,_,_,_,_,_,_",tuhan
"t,u,h,a,_,_,_,_,_,_",tuhan
"t,u,h,a,n,_,_,_,_,_",tuhan
"u,_,_,_,_,_,_,_,_,_",untuk
"u,n,_,_,_,_,_,_,_,_",untuk
"u,n,t,_,_,_,_,_,_,_",untuk
"u,n,t,u,_,_,_,_,_,_",untuk
"u,n,t,u,k,_,_,_,_,_",untuk
"u,_,_,_,_,_,_,_,_,_",uang
"u,a,_,_,_,_,_,_,_,_",uang
"u,a,n,_,_,_,_,_,_,_",uang
"u,a,n,g,_,_,_,_,_,_",uang
"u,_,_,_,_,_,_,_,_,_",umur
"u,m,_,_,_,_,_,_,_,_",umur
"u,m,u,_,_,_,_,_,_,_",umur
"u,m,u,r,_,_,_,_,_,_",umur
"u,_,_,_,_,_,_,_,_,_",udara
"u,d,_,_,_,_,_,_,_,_",udara
"u,d,a,_,_,_,_,_,_,_",udara
"u,d,a,r,_,_,_,_,_,_",udara
"u,d,a,r,a,_,_,_,_,_",udara
"u,_,_,_,_,_,_,_,_,_",ulang
"u,l,_,_,_,_,_,_,_,_",ulang
"u,l,a,_,_,_,_,_,_,_",ulang
"u,l,a,n,_,_,_,_,_,_",ulang
"u,l,a,n,g,_,_,_,_,_",ulang
"u,_,_,_,_,_,_,_,_,_",usaha
"u,s,_,_,_,_,_,_,_,_",usaha
"u,s,a,_,_,_,_,_,_,_",usaha
"u,s,a,h,_,_,_,_,_,_",usaha
"u,s,a,h,a,_,_,_,_,_",usaha
"u,_,_,_,_,_,_,_,_,_",ujian
"u,j,_,_,_,_,_,_,_,_",ujian
"u,j,i,_,_,_,_,_,_,_",ujian
"u,j,i,a,_,_,_,_,_,_",ujian
"u,j,i,a,n,_,_,_,_,_",ujian
"u,_,_,_,_,_,_,_,_,_",untung
"u,n,_,_,_,_,_,_,_,_",untung
"u,n,t,_,_,_,_,_,_,_",untung
"u,n,t,u,_,_,_,_,_,_",untung
"u,n,t,u,n,_,_,_,_,_",untung
"u,n,t,u,n,g,_,_,_,_",untung
"u,_,_,_,_,_,_,_,_,_",utama
"u,t,_,_,_,_,_,_,_,_",utama
"u,t,a,_,_,_,_,_,_,_",utama
"u,t,a,m,_,_,_,_,_,_",utama
"u,t,a,m,a,_,_,_,_,_",utama
"u,_,_,_,_,_,_,_,_,_",unik
"u,n,_,_,_,_,_,_,_,_",unik
"u,n,i,_,_,_,_,_,_,_",unik
"u,n,i,k,_,_,_,_,_,_",unik
"v,_,_,_,_,_,_,_,_,_",video
"v,i,_,_,_,_,_,_,_,_",video
"v,i,d,_,_,_,_,_,_,_",video
"v,i,d,e,_,_,_,_,_,_",video
"v,i,d,e,o,_,_,_,_,_",video
"v,_,_,_,_,_,_,_,_,_",vitamin
"v,i,_,_,_,_,_,_,_,_",vitamin
"v,i,t,_,_,_,_,_,_,_",vitamin
"v,i,t,a,_,_,_,_,_,_",vitamin
"v,i,t,a,m,_,_,_,_,_",vitamin
"v,i,t,a,m,i,_,_,_,_",vitamin
"v,i,t,a,m,i,n,_,_,_",vitamin
"v,_,_,_,_,_,_,_,_,_",variasi
"v,a,_,_,_,_,_,_,_,_",variasi
"v,a,r,_,_,_,_,_,_,_",variasi
"v,a,r,i,_,_,_,_,_,_",variasi
"v,a,r,i,a,_,_,_,_,_",variasi
"v,a,r,i,a,s,_,_,_,_",variasi
"v,a,r,i,a,s,i,_,_,_",variasi
"v,_,_,_,_,_,_,_,_,_",vaksin
"v,a,_,_,_,_,_,_,_,_",vaksin
"v,a,k,_,_,_,_,_,_,_",vaksin
"v,a,k,s,_,_,_,_,_,_",vaksin
"v,a,k,s,i,_,_,_,_,_",vaksin
"v,a,k,s,i,n,_,_,_,_",vaksin
"v,_,_,_,_,_,_,_,_,_",veteran
"v,e,_,_,_,_,_,_,_,_",veteran
"v,e,t,_,_,_,_,_,_,_",veteran
"v,e,t,e,_,_,_,_,_,_",veteran
"v,e,t,e,r,_,_,_,_,_",veteran
"v,e,t,e,r,a,_,_,_,_",veteran
"v,e,t,e,r,a,n,_,_,_",veteran
"v,_,_,_,_,_,_,_,_,_",volume
"v,o,_,_,_,_,_,_,_,_",volume
"v,o,l,_,_,_,_,_,_,_",volume
"v,o,l,u,_,_,_,_,_,_",volume
"v,o,l,u,m,_,_,_,_,_",volume
"v,o,l,u,m,e,_,_,_,_",volume
"v,_,_,_,_,_,_,_,_,_",visi
"v,i,_,_,_,_,_,_,_,_",visi
"v,i,s,_,_,_,_,_,_,_",visi
"v,i,s,i,_,_,_,_,_,_",visi
"v,_,_,_,_,_,_,_,_,_",versus
"v,e,_,_,_,_,_,_,_,_",versus
"v,e,r,_,_,_,_,_,_,_",versus
"v,e,r,s,_,_,_,_,_,_",versus
"v,e,r,s,u,_,_,_,_,_",versus
"v,e,r,s,u,s,_,_,_,_",versus
"v,_,_,_,_,_,_,_,_,_",violin
"v,i,_,_,_,_,_,_,_,_",violin
"v,i,o,_,_,_,_,_,_,_",violin
"v,i,o,l,_,_,_,_,_,_",violin
"v,i,o,l,i,_,_,_,_,_",violin
"v,i,o,l,i,n,_,_,_,_",violin
"v,_,_,_,_,_,_,_,_,_",vocal
"v,o,_,_,_,_,_,_,_,_",vocal
"v,o,c,_,_,_,_,_,_,_",vocal
"v,o,c,a,_,_,_,_,_,_",vocal
"v,o,c,a,l,_,_,_,_,_",vocal
"w,_,_,_,_,_,_,_,_,_",warna
"w,a,_,_,_,_,_,_,_,_",warna
"w,a,r,_,_,_,_,_,_,_",warna
"w,a,r,n,_,_,_,_,_,_",warna
"w,a,r,n,a,_,_,_,_,_",warna
"w,_,_,_,_,_,_,_,_,_",waktu
"w,a,_,_,_,_,_,_,_,_",waktu
"w,a,k,_,_,_,_,_,_,_",waktu
"w,a,k,t,_,_,_,_,_,_",waktu
"w,a,k,t,u,_,_,_,_,_",waktu
"w,_,_,_,_,_,_,_,_,_",wajah
"w,a,_,_,_,_,_,_,_,_",wajah
"w,a,j,_,_,_,_,_,_,_",wajah
"w,a,j,a,_,_,_,_,_,_",wajah
"w,a,j,a,h,_,_,_,_,_",wajah
"w,_,_,_,_,_,_,_,_,_",wanita
"w,a,_,_,_,_,_,_,_,_",wanita
"w,a,n,_,_,_,_,_,_,_",wanita
"w,a,n,i,_,_,_,_,_,_",wanita
"w,a,n,i,t,_,_,_,_,_",wanita
"w,a,n,i,t,a,_,_,_,_",wanita
"w,_,_,_,_,_,_,_,_,_",warung
"w,a,_,_,_,_,_,_,_,_",warung
"w,a,r,_,_,_,_,_,_,_",warung
"w,a,r,u,_,_,_,_,_,_",warung
"w,a,r,u,n,_,_,_,_,_",warung
"w,a,r,u,n,g,_,_,_,_",warung
"w,_,_,_,_,_,_,_,_,_",wayang
"w,a,_,_,_,_,_,_,_,_",wayang
"w,a,y,_,_,_,_,_,_,_",wayang
"w,a,y,a,_,_,_,_,_,_",wayang
"w,a,y,a,n,_,_,_,_,_",wayang
"w,a,y,a,n,g,_,_,_,_",wayang
"w,_,_,_,_,_,_,_,_,_",wudu
"w,u,_,_,_,_,_,_,_,_",wudu
"w,u,d,_,_,_,_,_,_,_",wudu
"w,u,d,u,_,_,_,_,_,_",wudu
"w,_,_,_,_,_,_,_,_,_",warga
"w,a,_,_,_,_,_,_,_,_",warga
"w,a,r,_,_,_,_,_,_,_",warga
"w,a,r,g,_,_,_,_,_,_",warga
"w,a,r,g,a,_,_,_,_,_",warga
"w,_,_,_,_,_,_,_,_,_",wisata
"w,i,_,_,_,_,_,_,_,_",wisata
"w,i,s,_,_,_,_,_,_,_",wisata
"w,i,s,a,_,_,_,_,_,_",wisata
"w,i,s,a,t,_,_,_,_,_",wisata
"w,i,s,a,t,a,_,_,_,_",wisata
"w,_,_,_,_,_,_,_,_,_",weton
"w,e,_,_,_,_,_,_,_,_",weton
"w,e,t,_,_,_,_,_,_,_",weton
"w,e,t,o,_,_,_,_,_,_",weton
"w,e,t,o,n,_,_,_,_,_",weton
"x,_,_,_,_,_,_,_,_,_",xerox
"x,e,_,_,_,_,_,_,_,_",xerox
"x,e,r,_,_,_,_,_,_,_",xerox
"x,e,r,o,_,_,_,_,_,_",xerox
"x,e,r,o,x,_,_,_,_,_",xerox
"x,_,_,_,_,_,_,_,_,_",xenon
"x,e,_,_,_,_,_,_,_,_",xenon
"x,e,n,_,_,_,_,_,_,_",xenon
"x,e,n,o,_,_,_,_,_,_",xenon
"x,e,n,o,n,_,_,_,_,_",xenon
"x,_,_,_,_,_,_,_,_,_",xylophone
"x,y,_,_,_,_,_,_,_,_",xylophone
"x,y,l,_,_,_,_,_,_,_",xylophone
"x,y,l,o,_,_,_,_,_,_",xylophone
"x,y,l,o,p,_,_,_,_,_",xylophone
"x,y,l,o,p,h,_,_,_,_",xylophone
"x,y,l,o,p,h,o,_,_,_",xylophone
"x,y,l,o,p,h,o,n,_,_",xylophone
"x,y,l,o,p,h,o,n,e,_",xylophone
"x,_,_,_,_,_,_,_,_,_",x-ray
"x,-,_,_,_,_,_,_,_,_",x-ray
"x,-,r,_,_,_,_,_,_,_",x-ray
"x,-,r,a,_,_,_,_,_,_",x-ray
"x,-,r,a,y,_,_,_,_,_",x-ray
"x,_,_,_,_,_,_,_,_,_",xbox
"x,b,_,_,_,_,_,_,_,_",xbox
"x,b,o,_,_,_,_,_,_,_",xbox
"x,b,o,x,_,_,_,_,_,_",xbox
"x,_,_,_,_,_,_,_,_,_",xml
"x,m,_,_,_,_,_,_,_,_",xml
"x,m,l,_,_,_,_,_,_,_",xml
"x,_,_,_,_,_,_,_,_,_",xerus
"x,e,_,_,_,_,_,_,_,_",xerus
"x,e,r,_,_,_,_,_,_,_",xerus
"x,e,r,u,_,_,_,_,_,_",xerus
"x,e,r,u,s,_,_,_,_,_",xerus
"x,_,_,_,_,_,_,_,_,_",xeric
"x,e,_,_,_,_,_,_,_,_",xeric
"x,e,r,_,_,_,_,_,_,_",xeric
"x,e,r,i,_,_,_,_,_,_",xeric
"x,e,r,i,c,_,_,_,_,_",xeric
"x,_,_,_,_,_,_,_,_,_",xanthan
"x,a,_,_,_,_,_,_,_,_",xanthan
"x,a,n,_,_,_,_,_,_,_",xanthan
"x,a,n,t,_,_,_,_,_,_",xanthan
"x,a,n,t,h,_,_,_,_,_",xanthan
"x,a,n,t,h,a,_,_,_,_",xanthan
"x,a,n,t,h,a,n,_,_,_",xanthan
"x,_,_,_,_,_,_,_,_,_",xenial
"x,e,_,_,_,_,_,_,_,_",xenial
"x,e,n,_,_,_,_,_,_,_",xenial
"x,e,n,i,_,_,_,_,_,_",xenial
"x,e,n,i,a,_,_,_,_,_",xenial
"x,e,n,i,a,l,_,_,_,_",xenial
"y,_,_,_,_,_,_,_,_,_",yang
"y,a,_,_,_,_,_,_,_,_",yang
"y,a,n,_,_,_,_,_,_,_",yang
"y,a,n,g,_,_,_,_,_,_",yang
"y,_,_,_,_,_,_,_,_,_",ya
"y,a,_,_,_,_,_,_,_,_",ya
"y,_,_,_,_,_,_,_,_,_",yakin
"y,a,_,_,_,_,_,_,_,_",yakin
"y,a,k,_,_,_,_,_,_,_",yakin
"y,a,k,i,_,_,_,_,_,_",yakin
"y,a,k,i,n,_,_,_,_,_",yakin
"y,_,_,_,_,_,_,_,_,_",yuk
"y,u,_,_,_,_,_,_,_,_",yuk
"y,u,k,_,_,_,_,_,_,_",yuk
"y,_,_,_,_,_,_,_,_,_",yoga
"y,o,_,_,_,_,_,_,_,_",yoga
"y,o,g,_,_,_,_,_,_,_",yoga
"y,o,g,a,_,_,_,_,_,_",yoga
"y,_,_,_,_,_,_,_,_,_",yatim
"y,a,_,_,_,_,_,_,_,_",yatim
"y,a,t,_,_,_,_,_,_,_",yatim
"y,a,t,i,_,_,_,_,_,_",yatim
"y,a,t,i,m,_,_,_,_,_",yatim
"y,_,_,_,_,_,_,_,_,_",yayasan
"y,a,_,_,_,_,_,_,_,_",yayasan
"y,a,y,_,_,_,_,_,_,_",yayasan
"y,a,y,a,_,_,_,_,_,_",yayasan
"y,a,y,a,s,_,_,_,_,_",yayasan
"y,a,y,a,s,a,_,_,_,_",yayasan
"y,a,y,a,s,a,n,_,_,_",yayasan
"y,_,_,_,_,_,_,_,_,_",yuran
"y,u,_,_,_,_,_,_,_,_",yuran
"y,u,r,_,_,_,_,_,_,_",yuran
"y,u,r,a,_,_,_,_,_,_",yuran
"y,u,r,a,n,_,_,_,_,_",yuran
"y,_,_,_,_,_,_,_,_,_",yunani
"y,u,_,_,_,_,_,_,_,_",yunani
"y,u,n,_,_,_,_,_,_,_",yunani
"y,u,n,a,_,_,_,_,_,_",yunani
"y,u,n,a,n,_,_,_,_,_",yunani
"y,u,n,a,n,i,_,_,_,_",yunani
"y,_,_,_,_,_,_,_,_,_",yesterday
"y,e,_,_,_,_,_,_,_,_",yesterday
"y,e,s,_,_,_,_,_,_,_",yesterday
"y,e,s,t,_,_,_,_,_,_",yesterday
"y,e,s,t,e,_,_,_,_,_",yesterday
"y,e,s,t,e,r,_,_,_,_",yesterday
"y,e,s,t,e,r,d,_,_,_",yesterday
"y,e,s,t,e,r,d,a,_,_",yesterday
"y,e,s,t,e,r,d,a,y,_",yesterday
"z,_,_,_,_,_,_,_,_,_",zaman
"z,a,_,_,_,_,_,_,_,_",zaman
"z,a,m,_,_,_,_,_,_,_",zaman
"z,a,m,a,_,_,_,_,_,_",zaman
"z,a,m,a,n,_,_,_,_,_",zaman
"z,_,_,_,_,_,_,_,_,_",zodiak
"z,o,_,_,_,_,_,_,_,_",zodiak
"z,o,d,_,_,_,_,_,_,_",zodiak
"z,o,d,i,_,_,_,_,_,_",zodiak
"z,o,d,i,a,_,_,_,_,_",zodiak
"z,o,d,i,a,k,_,_,_,_",zodiak
"z,_,_,_,_,_,_,_,_,_",zona
"z,o,_,_,_,_,_,_,_,_",zona
"z,o,n,_,_,_,_,_,_,_",zona
"z,o,n,a,_,_,_,_,_,_",zona
"z,_,_,_,_,_,_,_,_,_",zombie
"z,o,_,_,_,_,_,_,_,_",zombie
"z,o,m,_,_,_,_,_,_,_",zombie
"z,o,m,b,_,_,_,_,_,_",zombie
"z,o,m,b,i,_,_,_,_,_",zombie
"z,o,m,b,i,e,_,_,_,_",zombie
"z,_,_,_,_,_,_,_,_,_",zakat
"z,a,_,_,_,_,_,_,_,_",zakat
"z,a,k,_,_,_,_,_,_,_",zakat
"z,a,k,a,_,_,_,_,_,_",zakat
"z,a,k,a,t,_,_,_,_,_",zakat
"z,_,_,_,_,_,_,_,_,_",zebra
"z,e,_,_,_,_,_,_,_,_",zebra
"z,e,b,_,_,_,_,_,_,_",zebra
"z,e,b,r,_,_,_,_,_,_",zebra
"z,e,b,r,a,_,_,_,_,_",zebra
"z,_,_,_,_,_,_,_,_,_",zikir
"z,i,_,_,_,_,_,_,_,_",zikir
"z,i,k,_,_,_,_,_,_,_",zikir
"z,i,k,i,_,_,_,_,_,_",zikir
"z,i,k,i,r,_,_,_,_,_",zikir
"z,_,_,_,_,_,_,_,_,_",zigzag
"z,i,_,_,_,_,_,_,_,_",zigzag
"z,i,g,_,_,_,_,_,_,_",zigzag
"z,i,g,z,_,_,_,_,_,_",zigzag
"z,i,g,z,a,_,_,_,_,_",zigzag
"z,i,g,z,a,g,_,_,_,_",zigzag
"z,_,_,_,_,_,_,_,_,_",zinc
"z,i,_,_,_,_,_,_,_,_",zinc
"z,i,n,_,_,_,_,_,_,_",zinc
"z,i,n,c,_,_,_,_,_,_",zinc
"z,_,_,_,_,_,_,_,_,_",zulu
"z,u,_,_,_,_,_,_,_,_",zulu
"z,u,l,_,_,_,_,_,_,_",zulu
"z,u,l,u,_,_,_,_,_,_",zulu
